Image ID,Question ID,Question,Answer,Plausible answers,Question Type,Answer Type,Image file,Generated Caption,Generated Answer
62549,62549016,Is the bird a carnivore?,yes,"{'no', 'yes'}",is the,yes/no,../data/validation/images/COCO_val2014_000000062549.jpg,a man holding a bird,"Based on the image caption (generated by BLIP model): a man holding a bird, Answer the question 'Is the bird a carnivore?' 
 Answer:  No, the bird is not a carnivore."
46870,46870003,What kind of bike is it?,honda,"{'honda', 'motorcycle', 'honda motorcycle'}",what kind of,other,../data/validation/images/COCO_val2014_000000046870.jpg,a motorcycle parked on the street,"Based on the image caption (generated by BLIP model): a motorcycle parked on the street, Answer the question 'What kind of bike is it?' 
 Answer:  It appears to be a black Kawasaki Ninja motorcycle. 



"
29080,29080002,Is the man smiling?,yes,"{'no', 'yes'}",is the man,yes/no,../data/validation/images/COCO_val2014_000000029080.jpg,a man sitting on the ground with a large object,"Based on the image caption (generated by BLIP model): a man sitting on the ground with a large object, Answer the question 'Is the man smiling?' 
 Answer:  Yes

Explanation:

The BLIP model generates a caption for the"
